target_sku,difference_reason,current_sku,product_name,product_category_id,uom_id,cost_price,sell_price,item_value,tipe_pajak,pajak,jumlah_kelipatan_gudang_besar,jumlah_jual_kategori_banyak,kode_merk,biaya,qty_available,qty_reserved,qty_min
001001009076,"category,bulk_sell_qty",CAB-001001009076,"COPPER TUBE ASTM B819 TYPE L 3/8 X 0.76MM x 5.8M",347,9,139838.00,270690.00,0.00,"Non Pajak",0.00,1,1,BRASSCO,139838.00,26.00,26.00,1.00
001001009076,"category,bulk_sell_qty",CAB-001001009076-DUP2-R14226,"COPPER TUBE ASTM B819 TYPE L 3/8 X 0.76MM x 5.8M",7,9,139838.00,270690.00,0.00,"Non Pajak",0.00,1,10000,BRASSCO,139838.00,0.00,0.00,1.00
001001009089,"category,bulk_sell_qty",CAB-001001009089,"COPPER TUBE ASTM B819 TYPE K 3/8 X 0.89MM X 5.8M",517,9,225833.00,312270.00,0.00,"Non Pajak",0.00,1,1,BR,225833.00,0.00,0.00,1.00
001001009089,"category,bulk_sell_qty",CAB-001001009089-DUP2-R14212,"COPPER TUBE ASTM B819 TYPE K 3/8 X 0.89MM X 5.8M",7,9,225833.00,312270.00,0.00,"Non Pajak",0.00,1,10000,BR,225833.00,0.00,0.00,1.00
001001013089,"category,bulk_sell_qty",CAB-001001013089,"COPPER TUBE ASTM B819 TYPE L 1/2 X 0.89MM X 5.8M",347,9,213689.00,427350.00,0.00,"Non Pajak",0.00,1,1,BRASSCO,213689.00,0.00,0.00,1.00
001001013089,"category,bulk_sell_qty",CAB-001001013089-DUP2-R14220,"COPPER TUBE ASTM B819 TYPE L 1/2 X 0.89MM X 5.8M",7,9,213689.00,427350.00,0.00,"Non Pajak",0.00,1,10000,BRASSCO,213689.00,0.00,0.00,1.00
001001016102,"category,bulk_sell_qty",CAB-001001016102,"COPPER TUBE ASTM B819 TYPE L 5/8 X 1.02MM X 5.8M",514,9,350532.00,616245.00,0.00,"Non Pajak",0.00,1,1,BRASSCO,350532.00,0.00,0.00,1.00
001001016102,"category,bulk_sell_qty",CAB-001001016102-DUP2-R14228,"COPPER TUBE ASTM B819 TYPE L 5/8 X 1.02MM X 5.8M",7,9,350532.00,616245.00,0.00,"Non Pajak",0.00,1,10000,BRASSCO,350532.00,0.00,0.00,1.00
001001019107,"category,bulk_sell_qty",CAB-001001019107,"COPPER TUBE ASTM B819 TYPE L 3/4 X 1.07MM X 5.8M",514,9,383573.00,782250.00,0.00,"Non Pajak",0.00,1,1,BRASSCO,383573.00,0.00,0.00,1.00
001001019107,"category,bulk_sell_qty",CAB-001001019107-DUP2-R14225,"COPPER TUBE ASTM B819 TYPE L 3/4 X 1.07MM X 5.8M",7,9,383573.00,782250.00,0.00,"Non Pajak",0.00,1,10000,BRASSCO,383573.00,0.00,0.00,1.00
001001022114,"category,bulk_sell_qty",CAB-001001022114,"COPPER TUBE ASTM B819 TYPE L 7/8 X 1.14MM X 5.8M",514,9,492851.00,977025.00,0.00,"Non Pajak",0.00,1,1,BRASSCO,492851.00,3.00,0.00,1.00
001001022114,"category,bulk_sell_qty",CAB-001001022114-DUP2-R14229,"COPPER TUBE ASTM B819 TYPE L 7/8 X 1.14MM X 5.8M",7,9,492851.00,977025.00,0.00,"Non Pajak",0.00,1,10000,BRASSCO,492851.00,0.00,0.00,1.00
001001025120,"category,bulk_sell_qty",CAB-001001025120,"COPPER TUBE ASTM B819 TYPE L 1 X 1.20MM X 5.8M",514,9,595561.00,1180725.00,0.00,"Non Pajak",0.00,1,1,BRASSCO,595561.00,0.00,0.00,1.00
001001025120,"category,bulk_sell_qty",CAB-001001025120-DUP2-R14219,"COPPER TUBE ASTM B819 TYPE L 1 X 1.20MM X 5.8M",7,9,595561.00,1180725.00,0.00,"Non Pajak",0.00,1,10000,BRASSCO,595561.00,0.00,0.00,1.00
001002006061,"category,bulk_sell_qty",CAB-001002006061,"COPPER TUBE ASTM B280 1/4 X 0,61MM X 5,8MTR",353,9,0.00,135600.00,0.00,"Non Pajak",0.00,1,1,BRASSCO,124000.00,0.00,0.00,1.00
001002006061,"category,bulk_sell_qty",CAB-001002006061-DUP2-R14066,"COPPER TUBE ASTM B280 1/4 X 0,61MM X 5,8MTR",45,9,0.00,135600.00,0.00,"Non Pajak",0.00,1,10000,BRASSCO,124000.00,0.00,0.00,1.00
001002009071,"category,bulk_sell_qty",CAB-001002009071,"COPPER TUBE ASTM B280 3/8 X 0.71MM X 5.8M",517,9,133106.00,242500.00,0.00,"Non Pajak",0.00,1,1,BRASSCO,133106.00,1.00,1.00,1.00
001002009071,"category,bulk_sell_qty",CAB-001002009071-DUP2-R14103,"COPPER TUBE ASTM B280 3/8 X 0.71MM X 5.8M",198,9,133106.00,242500.00,0.00,"Non Pajak",0.00,1,10000,BRASSCO,133106.00,0.00,0.00,1.00
001002009076,"category,bulk_sell_qty",CAB-001002009076,"COPPER TUBE ASTM B280 TYPE L 3/8 X 0.76MM X 5.8M",353,9,0.00,257800.00,0.00,"Non Pajak",0.00,1,1,,200000.00,0.00,0.00,1.00
001002009076,"category,bulk_sell_qty",CAB-001002009076-DUP2-R14195,"COPPER TUBE ASTM B280 TYPE L 3/8 X 0.76MM X 5.8M",45,9,0.00,257800.00,0.00,"Non Pajak",0.00,1,10000,,200000.00,0.00,0.00,1.00
001002013071,"category,bulk_sell_qty",CAB-001002013071,"COPPER TUBE ASTM B280 1/2 X 0.71MM X 5.8M",514,9,265000.00,329700.00,0.00,"Non Pajak",0.00,1,1,BRASSCO,265000.00,0.00,0.00,1.00
001002013071,"category,bulk_sell_qty",CAB-001002013071-DUP2-R14057,"COPPER TUBE ASTM B280 1/2 X 0.71MM X 5.8M",198,9,265000.00,329700.00,0.00,"Non Pajak",0.00,1,10000,BRASSCO,265000.00,0.00,0.00,1.00
001002013100,"category,bulk_sell_qty",CAB-001002013100,"COPPER TUBE ASTM B280 1/2 X 1.00MM X 5.8M",517,9,353333.00,453000.00,0.00,"Non Pajak",0.00,1,1,BCO,353333.00,13.00,13.00,1.00
001002013100,"category,bulk_sell_qty",CAB-001002013100-DUP2-R14060,"COPPER TUBE ASTM B280 1/2 X 1.00MM X 5.8M",198,9,353333.00,453000.00,0.00,"Non Pajak",0.00,1,10000,BCO,353333.00,0.00,0.00,1.00
001002016102,"category,bulk_sell_qty",CAB-001002016102,"COPPER TUBE ASTM B280 TYPE L 5/8 X 1.02MM",514,9,430833.00,616245.00,0.00,"Non Pajak",0.00,1,1,BRASSCO,430833.00,0.00,0.00,1.00
001002016102,"category,bulk_sell_qty",CAB-001002016102-DUP2-R14196,"COPPER TUBE ASTM B280 TYPE L 5/8 X 1.02MM",195,9,430833.00,616245.00,0.00,"Non Pajak",0.00,1,10000,BRASSCO,430833.00,0.00,0.00,1.00
001002019051,"category,bulk_sell_qty",CAB-001002019051,"COPPER TUBE ASTM B280 3/4 X 0.51MM X 5.8M",517,9,268750.00,366200.00,0.00,"Non Pajak",0.00,1,1,BCO,268750.00,0.00,20.00,1.00
001002019051,"category,bulk_sell_qty",CAB-001002019051-DUP2-R14090,"COPPER TUBE ASTM B280 3/4 X 0.51MM X 5.8M",198,9,268750.00,366200.00,0.00,"Non Pajak",0.00,1,10000,BCO,268750.00,159.00,0.00,1.00
001002019091,"category,bulk_sell_qty",CAB-001002019091,"COPPER TUBE ASTM B280 3/4 X 0.91MM X 5.8M",517,9,469167.00,639200.00,0.00,"Non Pajak",0.00,1,1,BCO,469167.00,1.00,0.00,1.00
001002019091,"category,bulk_sell_qty",CAB-001002019091-DUP2-R14094,"COPPER TUBE ASTM B280 3/4 X 0.91MM X 5.8M",198,9,469167.00,639200.00,0.00,"Non Pajak",0.00,1,10000,BCO,469167.00,1.00,0.00,1.00
001002022091,"category,bulk_sell_qty",CAB-001002022091,"COPPER TUBE ASTM B280 7/8 X 0.91MM X 5.8M",517,9,551250.00,750900.00,0.00,"Non Pajak",0.00,1,1,BR,551250.00,0.00,0.00,1.00
001002022091,"category,bulk_sell_qty",CAB-001002022091-DUP2-R14133,"COPPER TUBE ASTM B280 7/8 X 0.91MM X 5.8M",198,9,551250.00,750900.00,0.00,"Non Pajak",0.00,1,10000,BR,551250.00,0.00,0.00,1.00
001002022114,"category,bulk_sell_qty",CAB-001002022114,"COPPER TUBE ASTM B280 TYPE L 7/8 X 1.14MM X 5.8M",517,9,682917.00,930500.00,0.00,"Non Pajak",0.00,1,1,BCO,682917.00,0.00,3.00,1.00
001002022114,"category,bulk_sell_qty",CAB-001002022114-DUP2-R14197,"COPPER TUBE ASTM B280 TYPE L 7/8 X 1.14MM X 5.8M",198,9,682917.00,930500.00,0.00,"Non Pajak",0.00,1,10000,BCO,682917.00,0.00,0.00,1.00
001002028071,"category,bulk_sell_qty",CAB-001002028071,"COPPER TUBE ASTM B280 1 1/8 X 0.71MM X 5.8M",514,9,562500.00,766200.00,0.00,"Non Pajak",0.00,1,1,BRASSCO,562500.00,0.00,0.00,1.00
001002028071,"category,bulk_sell_qty",CAB-001002028071-DUP2-R14024,"COPPER TUBE ASTM B280 1 1/8 X 0.71MM X 5.8M",198,9,562500.00,766200.00,0.00,"Non Pajak",0.00,1,10000,BRASSCO,562500.00,1.00,0.00,1.00
001002028091,"category,bulk_sell_qty",CAB-001002028091,"COPPER TUBE ASTM B280 1 1/8 X 0.91MM X 5.8M",517,9,715417.00,975000.00,0.00,"Non Pajak",0.00,1,1,BCO,715417.00,0.00,0.00,1.00
001002028091,"category,bulk_sell_qty",CAB-001002028091-DUP2-R14026,"COPPER TUBE ASTM B280 1 1/8 X 0.91MM X 5.8M",198,9,715417.00,975000.00,0.00,"Non Pajak",0.00,1,10000,BCO,715417.00,0.00,0.00,1.00
001002032120,"category,bulk_sell_qty",CAB-001002032120,"COPPER TUBE ASTM B280 TYPE L 1 1/4 X 1.20MM",517,9,1125833.00,1421800.00,0.00,"Non Pajak",0.00,1,1,BCO,1125833.00,0.00,0.00,1.00
001002032120,"category,bulk_sell_qty",CAB-001002032120-DUP2-R14193,"COPPER TUBE ASTM B280 TYPE L 1 1/4 X 1.20MM",198,9,1125833.00,1421800.00,0.00,"Non Pajak",0.00,1,10000,BCO,1125833.00,0.00,0.00,1.00
001002035071,"category,bulk_sell_qty",CAB-001002035071,"COPPER TUBE ASTM B280 1 3/8'' X 0.71MM X 5.8M",517,9,690417.00,940800.00,0.00,"Non Pajak",0.00,1,1,BCO,690417.00,0.00,0.00,1.00
001002035071,"category,bulk_sell_qty",CAB-001002035071-DUP2-R14037,"COPPER TUBE ASTM B280 1 3/8 X 0.71MM X 5.8M",198,9,690417.00,940800.00,0.00,"Non Pajak",0.00,1,10000,BCO,690417.00,0.00,0.00,1.00
001002035100,"category,bulk_sell_qty",CAB-001002035100,"COPPER TUBE ASTM B280 1 3/8'' X 1.00MM X 5.8M",517,9,964167.00,1313800.00,0.00,"Non Pajak",0.00,1,1,BCO,964167.00,0.00,0.00,1.00
001002035100,"category,bulk_sell_qty",CAB-001002035100-DUP2-R14038,"COPPER TUBE ASTM B280 1 3/8 X 1.00MM X 5.8M",198,9,964167.00,1313800.00,0.00,"Non Pajak",0.00,1,10000,BCO,964167.00,0.00,0.00,1.00
001002042081,"category,bulk_sell_qty",CAB-001002042081,"COPPER TUBE ASTM B280 1 5/8'' X 0.81MM X 5.8M",517,9,1083333.00,1299559.00,0.00,"Non Pajak",0.00,1,1,PRO,1083333.00,0.00,0.00,1.00
001002042081,"category,bulk_sell_qty",CAB-001002042081-DUP2-R14045,"COPPER TUBE ASTM B280 1 5/8 X 0.81MM X 5.8M",198,9,1083333.00,1299559.00,0.00,"Non Pajak",0.00,1,10000,PRO,1083333.00,54.00,0.00,1.00
001002054091,"category,bulk_sell_qty",CAB-001002054091,"COPPER TUBE ASTM B280 2 1/8 X 0.91MM X 5.8M",517,9,1372083.00,1870000.00,0.00,"Non Pajak",0.00,1,1,BCO,1372083.00,0.00,0.00,1.00
001002054091,"category,bulk_sell_qty",CAB-001002054091-DUP2-R14077,"COPPER TUBE ASTM B280 2 1/8 X 0.91MM X 5.8M",198,9,1372083.00,1870000.00,0.00,"Non Pajak",0.00,1,10000,BCO,1372083.00,0.00,0.00,1.00
001004006100,"category,bulk_sell_qty",CAB-001004006100,"COPPER TUBE ASTM B280 ROL 1/4 X 1.00MM",517,30,461250.00,567400.00,0.00,"Non Pajak",0.00,1,1,BCO,461250.00,0.00,0.00,1.00
001004006100,"category,bulk_sell_qty",CAB-001004006100-DUP2-R14160,"COPPER TUBE ASTM B280 ROL 1/4 X 1.00MM",198,30,461250.00,567400.00,0.00,"Non Pajak",0.00,1,10000,BCO,461250.00,0.00,0.00,1.00
001004008100,"category,bulk_sell_qty",CAB-001004008100,"COPPER TUBE ASTM B280 ROL 8.00MM X 1.00MM",514,31,587500.00,779415.00,0.00,"Non Pajak",0.00,1,1,,587500.00,0.00,0.00,1.00
001004008100,"category,bulk_sell_qty",CAB-001004008100-DUP2-R14192,"COPPER TUBE ASTM B280 ROL 8.00MM X 1.00MM",195,31,587500.00,779415.00,0.00,"Non Pajak",0.00,1,10000,,587500.00,0.00,0.00,1.00
001004009081,"category,bulk_sell_qty",CAB-001004009081,"COPPER TUBE ASTM B280 ROL 3/8 X 0.81MM",517,30,556667.00,706500.00,0.00,"Non Pajak",0.00,1,1,BR,556667.00,0.00,0.00,1.00
001004009081,"category,bulk_sell_qty",CAB-001004009081-DUP2-R14176,"COPPER TUBE ASTM B280 ROL 3/8 X 0.81MM",198,30,556667.00,706500.00,0.00,"Non Pajak",0.00,1,10000,BR,556667.00,0.00,0.00,1.00
001004010100,"category,bulk_sell_qty",CAB-001004010100,"COPPER TUBE ASTM ROL B280 10MM X 1.00MM",517,30,902500.00,1168560.00,0.00,"Non Pajak",0.00,1,1,BCO,902500.00,0.00,0.00,1.00
001004010100,"category,bulk_sell_qty",CAB-001004010100-DUP2-R14236,"COPPER TUBE ASTM ROL B280 10MM X 1.00MM",198,30,902500.00,1168560.00,0.00,"Non Pajak",0.00,1,10000,BCO,902500.00,0.00,0.00,1.00
001004013071,"category,bulk_sell_qty",CAB-001004013071,"COPPER TUBE ASTM B280 ROL 1/2 X 0.71MM",517,30,672500.00,852500.00,0.00,"Non Pajak",0.00,1,1,BCO,672500.00,0.00,0.00,1.00
001004013071,"category,bulk_sell_qty",CAB-001004013071-DUP2-R14148,"COPPER TUBE ASTM B280 ROL 1/2 X 0.71MM",198,30,672500.00,852500.00,0.00,"Non Pajak",0.00,1,10000,BCO,672500.00,0.00,0.00,1.00
002001000054,"category,bulk_sell_qty",CAB-002001000054,"COPPER TEE 2 1/8''",635,6,199583.00,239072.00,0.00,"Non Pajak",0.00,1,1,PS,199583.00,0.00,0.00,1.00
002001000054,"category,bulk_sell_qty",CAB-002001000054-DUP2-R13943,"COPPER TEE 2 1/8",309,6,199583.00,239072.00,0.00,"Non Pajak",0.00,1,10000,PS,199583.00,0.00,0.00,1.00
002005000009,"category,bulk_sell_qty",CAB-002005000009,"COPPER SOK 3/8''",635,6,4583.00,5238.00,0.00,"Non Pajak",0.00,1,1,PSF,4675.00,175.00,415.00,1.00
002005000009,"category,bulk_sell_qty",CAB-002005000009-DUP2-R13892,"COPPER SOK 3/8",309,6,4583.00,5238.00,0.00,"Non Pajak",0.00,1,10000,PSF,4675.00,3746.00,0.00,1.00
002005000013,"category,bulk_sell_qty",CAB-002005000013,"COPPER SOK 1/2''",635,6,1284.00,6500.00,0.00,"Non Pajak",0.00,1,1,STD,1284.00,257.00,406.00,1.00
002005000013,"category,bulk_sell_qty",CAB-002005000013-DUP2-R13884,"COPPER SOK 1/2",309,6,1284.00,6500.00,0.00,"Non Pajak",0.00,1,10000,STD,1284.00,1567.00,0.00,1.00
