legacy_id,kode,name,kenaikan_harga
1,CAB-NEP,NEPEL,0
2,CAB-GAS,GAS,0
3,CAB-ASE,ASESORIS,0
4,CAB-VAL,VALVE,0
5,CAB-REF,REFRIGERATION,0
6,CAB-ISO,ISOLASI,0
7,CAB-DUC,DUCTING,0
8,CAB-INS,INSTRUMENT,0
9,CAB-TOO,TOOL,0
10,CAB-SEL,SELANG,0
11,CAB-FIT,FITTING,0
12,CAB-PE,PE,0
13,CAB-PIP,PIPA,0
14,CAB-REG,REGULATOR,0
15,CAB-ASS,ASS,0
16,CAB-BES,BESI,0
17,CAB-CT,CT,0
18,CAB-0000,0000,0
19,CAB-PTBB,"PIPA BTG BRASSCO",0
20,CAB-ASE-ACE,"ASESORIS ACE FLUX",0
21,CAB-ASE-BUR,"ASESORIS BURKET",0
22,CAB-ASE-CAS,"ASESORIS CASTEL",0
23,CAB-ASE-DAD,"ASESORIS DADO",0
24,CAB-ASE-ETE,"ASESORIS ETERNA",0
25,CAB-ASE-FIR,"ASESORIS FIREKING",0
26,CAB-ASE-FUE,"ASESORIS FUEL",0
27,CAB-ASE-FUJ,"ASESORIS FUJI",0
28,CAB-ASE-GER,"ASESORIS GERMANY",0
29,CAB-ASE-GMT,"ASESORIS GMT",0
30,CAB-ASE-HAR,"ASESORIS HARRIS",0
31,CAB-ASE-HS,"ASESORIS HS",0
32,CAB-ASE-IMP,"ASESORIS IMPERIAL",0
33,CAB-ASE-INS,"ASESORIS INSFOIL",0
34,CAB-ASE-JET,"ASESORIS JETS",0
35,CAB-ASE-KMT,"ASESORIS KMT",0
36,CAB-ASE-LOK,"ASESORIS LOKAL",0
37,CAB-ASE-MOR,"ASESORIS MORIS",0
38,CAB-ASE-NON,"ASESORIS NONE",0
39,CAB-ASE-PAP,"ASESORIS PAPS",0
40,CAB-ASE-RAD,"ASESORIS RADAR",0
41,CAB-ASE-ROT,"ASESORIS ROTHENBERGER",0
42,CAB-ASE-SAE,"ASESORIS SAEKI",0
43,CAB-ASE-SUP,"ASESORIS SUPERLON",0
44,CAB-ASE-THE,"ASESORIS THERMAFLEX",0
45,CAB-ASE-TOZ,"ASESORIS TOZEN",0
46,CAB-ASE-UNI,"ASESORIS UNI-D",0
47,CAB-ASE-WAV,"ASESORIS WAVIN",0
48,CAB-ASE-WIK,"ASESORIS WIKA",0
49,CAB-ASE-YAM,"ASESORIS YAMATO",0
50,CAB-ASE-YUT,"ASESORIS YUTA",0
51,CAB-ASE-ZEK,"ASESORIS ZEKI",0
52,CAB-ASS-JOH,"ASS JOHNSON",0
53,CAB-ASS-NON,"ASS NONE",0
54,CAB-ASS-OND,"ASS ONDA",0
55,CAB-BES-LOK,"BESI LOKFOM",0
56,CAB-CT-NON,"CT NONE",0
57,CAB-DUC-AER,"DUCTING AEROTAPE",0
58,CAB-DUC-BEL,"DUCTING BELVER",0
59,CAB-DUC-DEC,"DUCTING DEC",0
60,CAB-DUC-FIR,"DUCTING FIRST DUCT",0
61,CAB-DUC-IND,"DUCTING INDOFLEX",0
62,CAB-DUC-LOK,"DUCTING LOKFOM",0
63,CAB-DUC-MAS,"DUCTING MASTER",0
64,CAB-DUC-MOD,"DUCTING MODULFLEX",0
65,CAB-DUC-NON,"DUCTING NONE",0
66,CAB-DUC-POL,"DUCTING POLYAIRE",0
67,CAB-DUC-PSF,"DUCTING PSF",0
68,CAB-DUC-SAR,"DUCTING SARANA",0
69,CAB-DUC-SKY,"DUCTING SKY DUCT",0
70,CAB-DUC-TIL,"DUCTING TILEMENT",0
71,CAB-FIT-BES,"FITTING BESI",0
72,CAB-FIT-BES-DUP2-R72,"FITTING BESI LAS",0
73,CAB-FIT-BES-DUP3-R73,"FITTING BESI SCH",0
74,CAB-FIT-FOR,"FITTING FORBES",0
75,CAB-FIT-GMT,"FITTING GMT",0
76,CAB-FIT-KMT,"FITTING KMT",0
77,CAB-FIT-NIB,"FITTING NIBCO",0
78,CAB-FIT-NON,"FITTING NONE",0
79,CAB-FIT-PSF,"FITTING PSF",0
80,CAB-FIT-PVC,"FITTING PVC",0
81,CAB-ASE-RIF,"FITTING RIFENG",0
82,CAB-FIT-RUC,"FITTING RUCIKA",0
83,CAB-FIT-SER,"FITTING SERA",0
84,CAB-FIT-STA,"FITTING STAINLESS",0
85,CAB-FIT-TOZ,"FITTING TOZEN",0
86,CAB-FIT-TSP,"FITTING TSP",0
87,CAB-FIT-VIT,"FITTING VIT",0
88,CAB-PIP-WAV,"FITTING WAVIN",0
89,CAB-FLA-BES,"FLANGE BESI",0
90,CAB-FLE-STA,"FLEXIBLE STAINLESS",0
91,CAB-FLE-TEC,"FLEXIBLE TECHNO",0
92,CAB-FLE-TOZ,"FLEXIBLE TOZEN",0
93,CAB-GAS-AIC,"GAS AICHI",0
94,CAB-GAS-AMC,"GAS AMCARE",0
95,CAB-GAS-AMI,"GAS AMICO",0
96,CAB-GAS-AMP,"GAS AMPY EMAIL",0
97,CAB-GAS-BRI,"GAS BRIDGESTONE",0
98,CAB-GAS-CNU,"GAS CNU",0
99,CAB-GAS-DUR,"GAS DURATEC",0
100,CAB-GAS-ELS,"GAS ELSTER",0
101,CAB-GAS-GAL,"GAS GALA",0
102,CAB-GAS-GAL-DUP2-R102,"GAS GALLUS",0
103,CAB-GAS-GMT,"GAS GMT",0
104,CAB-GAS-HAN,"GAS HANKOOK",0
105,CAB-GAS-HIC,"GAS HICOOK",0
106,CAB-GAS-KAN,"GAS KANSAI",0
107,CAB-GAS-MET,"GAS METAGOMA",0
108,CAB-GAS-NON,"GAS NONE",0
109,CAB-GAS-SAF,"GAS SAFE GAS",0
110,CAB-GAS-SHI,"GAS SHINWOO",0
111,CAB-GAS-STA,"GAS STARMED",0
112,CAB-GAS-TES,"GAS TESTER",0
113,CAB-INS-BEN,"INSTRUMENT BENETECH",0
114,CAB-INS-BLU,"INSTRUMENT BLUE WHITE",0
115,CAB-INS-BR,"INSTRUMENT BR",0
116,CAB-INS-CAM,"INSTRUMENT CAMEL",0
117,CAB-INS-EGO,"INSTRUMENT EGO",0
118,CAB-INS-FIR,"INSTRUMENT FIREGUARD",0
119,CAB-INS-FIR-DUP2-R119,"INSTRUMENT FIREKING",0
120,CAB-INS-FIS,"INSTRUMENT FISHER",0
121,CAB-INS-FOR,"INSTRUMENT FORBES",0
122,CAB-INS-GAL,"INSTRUMENT GALA",0
123,CAB-INS-GMT,"INSTRUMENT GMT",0
124,CAB-INS-HAR,"INSTRUMENT HARRIS",0
125,CAB-INS-HON,"INSTRUMENT HONEYWELL",0
126,CAB-INS-KYO,"INSTRUMENT KYORITZU",0
127,CAB-INS-MS,"INSTRUMENT MS",0
128,CAB-INS-NAG,"INSTRUMENT NAGANO",0
129,CAB-INS-NON,"INSTRUMENT NONE",0
130,CAB-INS-PM,"INSTRUMENT PM",0
131,CAB-INS-POT,"INSTRUMENT POTTER",0
132,CAB-INS-RED,"INSTRUMENT RED ANT",0
133,CAB-INS-REF,"INSTRUMENT REFCO",0
134,CAB-INS-ROB,"INSTRUMENT ROBINAIR",0
135,CAB-INS-SAG,"INSTRUMENT SAGINOMIYA",0
136,CAB-INS-SAM,"INSTRUMENT SAMYANG",0
137,CAB-INS-SIK,"INSTRUMENT SIKA",0
138,CAB-INS-SMC,"INSTRUMENT SMC",0
139,CAB-INS-TEC,"INSTRUMENT TECSIS",0
140,CAB-INS-TOK,"INSTRUMENT TOKICO",0
141,CAB-INS-VIP,"INSTRUMENT VIP",0
142,CAB-INS-VT,"INSTRUMENT VT",0
143,CAB-INS-WIK,"INSTRUMENT WIKA",0
144,CAB-INS-YAM,"INSTRUMENT YAMAMOTO",0
145,CAB-INS-ZEI,"INSTRUMENT ZEIL",0
146,CAB-ISO-ACC,"ISOLASI ACCO",0
147,CAB-ISO-ACE,"ISOLASI ACE FLUX",0
148,CAB-ISO-API,"ISOLASI APIC",0
149,CAB-ISO-ARM,"ISOLASI ARMF",0
150,CAB-ISO-CAM,"ISOLASI CAMEL",0
151,CAB-ISO-CEL,"ISOLASI CELF",0
152,CAB-ISO-CSR,"ISOLASI CSR",0
153,CAB-ISO-DT,"ISOLASI DT FOIL",0
154,CAB-ISO-FUJ,"ISOLASI FUJI",0
155,CAB-ISO-IND,"ISOLASI INDOFLEX",0
156,CAB-ISO-INS,"ISOLASI INSFOIL",0
157,CAB-ISO-INS-DUP2-R157,"ISOLASI INSUTEK",0
158,CAB-ISO-KOR,"ISOLASI KORFLEK",0
159,CAB-ISO-MOD,"ISOLASI MODULFLEX",0
160,CAB-ISO-NON,"ISOLASI NONE",0
161,CAB-ISO-POL,"ISOLASI POLY",0
162,CAB-ISO-POL-DUP2-R162,"ISOLASI POLYFOIL",0
163,CAB-ISO-PRO,"ISOLASI PROFLEX",0
164,CAB-ISO-SAN,"ISOLASI SANSUI",0
165,CAB-ISO-SKY,"ISOLASI SKY DUCT",0
166,CAB-ISO-SUP,"ISOLASI SUPERLON",0
167,CAB-ISO-THE,"ISOLASI THERMAFLEX",0
168,CAB-ISO-WON,"ISOLASI WONTAPE",0
169,CAB-NEP-CAS,"NEPEL CASTEL",0
170,CAB-NEP-GMT,"NEPEL GMT",0
171,CAB-NEP-KUN,"NEPEL KUNINGAN",0
172,CAB-NEP-NON,"NEPEL NONE",0
173,CAB-NEP-PSF,"NEPEL PSF",0
174,CAB-NEP-RIF,"NEPEL RIFENG",0
175,CAB-NEP-SMC,"NEPEL SMC",0
176,CAB-PE-FLE,"PE FLEXY",0
177,CAB-PE-KMT,"PE KMT",0
178,CAB-PE-RIF,"PE RIFENG",0
179,CAB-PIP-BES,"PIPA BESI",0
180,CAB-PIP-BRA,"PIPA BRASSCO",0
181,CAB-PIP-CRA,"PIPA CRANE ENFIELD",0
182,CAB-PIP-KEM,"PIPA KEMBLA",0
183,CAB-PIP-NON,"PIPA NONE",0
184,CAB-PIP-PVC,"PIPA PVC",0
185,CAB-PIP-RIF,"PIPA RIFENG",0
186,CAB-PIP-RUC,"PIPA RUCIKA",0
187,CAB-PIP-WAV-DUP2-R187,"PIPA WAVIN",0
188,CAB-REF-ALC,"REFRIGERATION ALCO",0
189,CAB-REF-ANA,"REFRIGERATION ANACONDA",0
190,CAB-REF-CAS,"REFRIGERATION CASTEL",0
191,CAB-REF-DUP,"REFRIGERATION DUPONT",0
192,CAB-REF-EME,"REFRIGERATION EMERSON",0
193,CAB-REF-GEN,"REFRIGERATION GENETRON",0
194,CAB-REF-GMT,"REFRIGERATION GMT",0
195,CAB-REF-NON,"REFRIGERATION NONE",0
196,CAB-REF-PSF,"REFRIGERATION PSF",0
197,CAB-REF-REF,"REFRIGERATION REFRIGERANT",0
198,CAB-REF-SUN,"REFRIGERATION SUNISO",0
199,CAB-REG-bel,"REGULATOR belg",0
200,CAB-REG-CIG,"REGULATOR CIG",0
201,CAB-REG-DN,"REGULATOR DN",0
202,CAB-REG-DOM,"REGULATOR DOMAX",0
203,CAB-REG-FIS,"REGULATOR FISHER",0
204,CAB-REG-FUJ,"REGULATOR FUJIKOKI",0
205,CAB-REG-HAR,"REGULATOR HARRIS",0
206,CAB-REG-HWA,"REGULATOR HWAYOUNG",0
207,CAB-REG-ito,"REGULATOR ito",0
208,CAB-REG-KOS,"REGULATOR KOSANGAS",0
209,CAB-REG-NAG,"REGULATOR NAGANO",0
210,CAB-REG-NON,"REGULATOR NONE",0
211,CAB-REG-PRO,"REGULATOR PROHEX",0
212,CAB-REG-PTZ,"REGULATOR PTZ",0
213,CAB-REG-RED,"REGULATOR RED ANT",0
214,CAB-REG-REG,"REGULATOR REGO",0
215,CAB-REG-SMC,"REGULATOR SMC",0
216,CAB-REG-WIN,"REGULATOR WINGAS",0
217,CAB-REG-YAM,"REGULATOR YAMATO",0
218,CAB-REG-YUN,"REGULATOR YUNG SHEN",0
219,CAB-SEL-BRI,"SELANG BRIDGESTONE",0
220,CAB-SEL-COR,"SELANG CORONA",0
221,CAB-SEL-GMT,"SELANG GMT",0
222,CAB-SEL-MET,"SELANG METAGOMA",0
223,CAB-SEL-NON,"SELANG NONE",0
224,CAB-SEL-PAP,"SELANG PAPS",0
225,CAB-SEL-RIF,"SELANG RIFENG",0
226,CAB-TOO-ASI,"TOOL ASIAN FIRST",0
227,CAB-TOO-CAM,"TOOL CAMPING GAS",0
228,CAB-TOO-EAS,"TOOL EAST BRAND",0
229,CAB-TOO-FUJ,"TOOL FUJI",0
230,CAB-TOO-GLO,"TOOL GLOOR",0
231,CAB-TOO-GMT,"TOOL GMT",0
232,CAB-TOO-HIC,"TOOL HICOOK",0
233,CAB-TOO-HS,"TOOL HS",0
234,CAB-TOO-IMP,"TOOL IMPERIAL",0
235,CAB-TOO-KOV,"TOOL KOVET",0
236,CAB-TOO-KYO,"TOOL KYOWA",0
237,CAB-TOO-NON,"TOOL NONE",0
238,CAB-TOO-NUR,"TOOL NURGAS",0
239,CAB-TOO-PAP,"TOOL PAPS",0
240,CAB-TOO-PM,"TOOL PM",0
241,CAB-TOO-PRO,"TOOL PROHEX",0
242,CAB-TOO-RED,"TOOL RED ANT",0
243,CAB-TOO-RIF,"TOOL RIFENG",0
244,CAB-TOO-ROB,"TOOL ROBINAIR",0
245,CAB-TOO-SEL,"TOOL SELERY",0
246,CAB-TOO-SPO,"TOOL SPOT",0
247,CAB-TOO-STA,"TOOL STARWARS",0
248,CAB-TOO-YAM,"TOOL YAMATO",0
249,CAB-VAL-ALC,"VALVE ALCO",0
250,CAB-VAL-AMI,"VALVE AMICO",0
251,CAB-VAL-BR,"VALVE BR",0
252,CAB-VAL-BUR,"VALVE BURKET",0
253,CAB-VAL-CAS,"VALVE CASTEL",0
254,CAB-VAL-COM,"VALVE COMAP",0
255,CAB-VAL-DN,"VALVE DN",0
256,CAB-VAL-EME,"VALVE EMERSON",0
257,CAB-VAL-FIR,"VALVE FIREKING",0
258,CAB-VAL-GAL,"VALVE GALA",0
259,CAB-VAL-GMT,"VALVE GMT",0
260,CAB-VAL-HAT,"VALVE HATO",0
261,CAB-VAL-HON,"VALVE HONEYWELL",0
262,CAB-VAL-HS,"VALVE HS",0
263,CAB-VAL-JET,"VALVE JETS",0
264,CAB-VAL-JOK,"VALVE JOKWANG",0
265,"CAB-VAL-K B","VALVE K BRAND",0
266,CAB-VAL-KIT,"VALVE KITZ",0
267,CAB-VAL-MA,"VALVE MA",0
268,CAB-VAL-MIT,"VALVE MITZU",0
269,CAB-VAL-MIZ,"VALVE MIZU",0
270,CAB-VAL-NDV,"VALVE NDV",0
271,CAB-VAL-NON,"VALVE NONE",0
272,CAB-VAL-OND,"VALVE ONDA",0
273,CAB-VAL-PVC,"VALVE PVC",0
274,CAB-VAL-RIF,"VALVE RIFENG",0
275,CAB-VAL-SAM,"VALVE SAMYANG",0
276,CAB-VAL-SAT,"VALVE SATA",0
277,CAB-VAL-SC,"VALVE SC",0
278,CAB-VAL-SHO,"VALVE SHOWA",0
279,CAB-VAL-SMC,"VALVE SMC",0
280,CAB-VAL-SOC,"VALVE SOCL",0
281,CAB-VAL-SW,"VALVE SW",0
282,CAB-VAL-TAT,"VALVE TATZU",0
283,CAB-VAL-TES,"VALVE TESTER",0
284,CAB-VAL-TL,"VALVE TL",0
285,CAB-VAL-TOZ,"VALVE TOZEN",0
286,CAB-VAL-TW,"VALVE TW",0
287,CAB-VAL-UNI,"VALVE UNI-D",0
288,CAB-VAL-wat,"VALVE watts",0
289,CAB-VAL-WAV,"VALVE WAVIN",0
290,CAB-VAL-WIK,"VALVE WIKA",0
291,CAB-VAL-YOR,"VALVE YORK",0
292,CAB-VAL-YUT,"VALVE YUTA",0
293,CAB-VAL-ZEK,"VALVE ZEKI",0
294,CAB-tatz,tatz,0
295,CAB-DUC-PRO,"DUCTING PROFLEX",0
296,CAB-REG-STA,"REGULATOR STARMED",0
297,CAB-INS-TIV,"PRESSURE SWITCH TIVAL",0
298,CAB-FIT-PU,"FITTING PNEUMATIC",0
300,CAB-PTBR,"PIPA ROLL BRASSCO",0
301,CAB-ACBB,"PIPA SET BRASSCO",0
302,CAB-002,"SAMBUNGAN TEMBAGA STD",0
303,CAB-004,"FLEXIBLE DUCT ALUMINIUM NON",0
304,CAB-100,"PERLENGKAPAN DAN PERKAKAS NON",0
305,CAB-005,"MANOMETER GMT NON",0
306,CAB-006,"VALVE G M T",0
307,CAB-PPT,"PIPA TEMBAGA",0
308,CAB-ALUK,"ALAT UKUR",0
309,CAB-REFE,REFERIGERASI,0
310,CAB-NEP-DUP2-R310,NEPEL,0
311,CAB-NEP-DUP3-R311,NEPEL,0
312,CAB-GAS-DUP2-R312,GAS,0
313,CAB-GAS-DUP3-R313,GAS,0
314,CAB-ASE-DUP2-R314,ASESORIS,0
315,CAB-ASE-DUP3-R315,ASESORIS,0
316,CAB-VAL-DUP2-R316,VALVE,0
317,CAB-VAL-DUP3-R317,VALVE,0
318,CAB-REF-DUP2-R318,REFRIGERATION,0
319,CAB-REF-DUP3-R319,REFRIGERATION,0
320,CAB-ISO-DUP2-R320,ISOLASI,0
321,CAB-ISO-DUP3-R321,ISOLASI,0
322,CAB-DUC-DUP2-R322,DUCTING,0
323,CAB-DUC-DUP3-R323,DUCTING,0
324,CAB-INS-DUP2-R324,INSTRUMENT,0
325,CAB-INS-DUP3-R325,INSTRUMENT,0
326,CAB-TOO-DUP2-R326,TOOL,0
327,CAB-TOO-DUP3-R327,TOOL,0
328,CAB-SEL-DUP2-R328,SELANG,0
329,CAB-SEL-DUP3-R329,SELANG,0
330,CAB-FIT-DUP2-R330,FITTING,0
331,CAB-FIT-DUP3-R331,FITTING,0
332,CAB-PE-DUP2-R332,PE,0
333,CAB-PE-DUP3-R333,PE,0
334,CAB-PIP-DUP2-R334,PIPA,0
335,CAB-PIP-DUP3-R335,PIPA,0
336,CAB-REG-DUP2-R336,REGULATOR,0
337,CAB-REG-DUP3-R337,REGULATOR,0
338,CAB-ASS-DUP2-R338,ASS,0
339,CAB-ASS-DUP3-R339,ASS,0
340,CAB-BES-DUP2-R340,BESI,0
341,CAB-BES-DUP3-R341,BESI,0
342,CAB-CT-DUP2-R342,CT,0
343,CAB-CT-DUP3-R343,CT,0
344,CAB-0000-DUP2-R344,0000,0
345,CAB-0000-DUP3-R345,0000,0
346,CAB-PTBB-DUP2-R346,"PIPA BTG BRASSCO",0
347,CAB-PTBB-DUP3-R347,"PIPA BTG BRASSCO",0
348,CAB-ASE-ACE-DUP2-R348,"ASESORIS ACE FLUX",0
349,CAB-ASE-ACE-DUP3-R349,"ASESORIS ACE FLUX",0
350,CAB-ASE-BUR-DUP2-R350,"ASESORIS BURKET",0
351,CAB-ASE-BUR-DUP3-R351,"ASESORIS BURKET",0
352,CAB-ASE-CAS-DUP2-R352,"ASESORIS CASTEL",0
353,CAB-ASE-CAS-DUP3-R353,"ASESORIS CASTEL",0
354,CAB-ASE-DAD-DUP2-R354,"ASESORIS DADO",0
355,CAB-ASE-DAD-DUP3-R355,"ASESORIS DADO",0
356,CAB-ASE-ETE-DUP2-R356,"ASESORIS ETERNA",0
357,CAB-ASE-ETE-DUP3-R357,"ASESORIS ETERNA",0
358,CAB-ASE-FIR-DUP2-R358,"ASESORIS FIREKING",0
359,CAB-ASE-FIR-DUP3-R359,"ASESORIS FIREKING",0
360,CAB-ASE-FUE-DUP2-R360,"ASESORIS FUEL",0
361,CAB-ASE-FUE-DUP3-R361,"ASESORIS FUEL",0
362,CAB-ASE-FUJ-DUP2-R362,"ASESORIS FUJI",0
363,CAB-ASE-FUJ-DUP3-R363,"ASESORIS FUJI",0
364,CAB-ASE-GER-DUP2-R364,"ASESORIS GERMANY",0
365,CAB-ASE-GER-DUP3-R365,"ASESORIS GERMANY",0
366,CAB-ASE-GMT-DUP2-R366,"ASESORIS GMT",0
367,CAB-ASE-GMT-DUP3-R367,"ASESORIS GMT",0
368,CAB-ASE-HAR-DUP2-R368,"ASESORIS HARRIS",0
369,CAB-ASE-HAR-DUP3-R369,"ASESORIS HARRIS",0
370,CAB-ASE-HS-DUP2-R370,"ASESORIS HS",0
371,CAB-ASE-HS-DUP3-R371,"ASESORIS HS",0
372,CAB-ASE-IMP-DUP2-R372,"ASESORIS IMPERIAL",0
373,CAB-ASE-IMP-DUP3-R373,"ASESORIS IMPERIAL",0
374,CAB-ASE-INS-DUP2-R374,"ASESORIS INSFOIL",0
375,CAB-ASE-INS-DUP3-R375,"ASESORIS INSFOIL",0
376,CAB-ASE-JET-DUP2-R376,"ASESORIS JETS",0
377,CAB-ASE-JET-DUP3-R377,"ASESORIS JETS",0
378,CAB-ASE-KMT-DUP2-R378,"ASESORIS KMT",0
379,CAB-ASE-KMT-DUP3-R379,"ASESORIS KMT",0
380,CAB-ASE-LOK-DUP2-R380,"ASESORIS LOKAL",0
381,CAB-ASE-LOK-DUP3-R381,"ASESORIS LOKAL",0
382,CAB-ASE-MOR-DUP2-R382,"ASESORIS MORIS",0
383,CAB-ASE-MOR-DUP3-R383,"ASESORIS MORIS",0
384,CAB-ASE-NON-DUP2-R384,"ASESORIS NONE",0
385,CAB-ASE-NON-DUP3-R385,"ASESORIS NONE",0
386,CAB-ASE-PAP-DUP2-R386,"ASESORIS PAPS",0
387,CAB-ASE-PAP-DUP3-R387,"ASESORIS PAPS",0
388,CAB-ASE-RAD-DUP2-R388,"ASESORIS RADAR",0
389,CAB-ASE-RAD-DUP3-R389,"ASESORIS RADAR",0
390,CAB-ASE-ROT-DUP2-R390,"ASESORIS ROTHENBERGER",0
391,CAB-ASE-ROT-DUP3-R391,"ASESORIS ROTHENBERGER",0
392,CAB-ASE-SAE-DUP2-R392,"ASESORIS SAEKI",0
393,CAB-ASE-SAE-DUP3-R393,"ASESORIS SAEKI",0
394,CAB-ASE-SUP-DUP2-R394,"ASESORIS SUPERLON",0
395,CAB-ASE-SUP-DUP3-R395,"ASESORIS SUPERLON",0
396,CAB-ASE-THE-DUP2-R396,"ASESORIS THERMAFLEX",0
397,CAB-ASE-THE-DUP3-R397,"ASESORIS THERMAFLEX",0
398,CAB-ASE-TOZ-DUP2-R398,"ASESORIS TOZEN",0
399,CAB-ASE-TOZ-DUP3-R399,"ASESORIS TOZEN",0
400,CAB-ASE-UNI-DUP2-R400,"ASESORIS UNI-D",0
401,CAB-ASE-UNI-DUP3-R401,"ASESORIS UNI-D",0
402,CAB-ASE-WAV-DUP2-R402,"ASESORIS WAVIN",0
403,CAB-ASE-WAV-DUP3-R403,"ASESORIS WAVIN",0
404,CAB-ASE-WIK-DUP2-R404,"ASESORIS WIKA",0
405,CAB-ASE-WIK-DUP3-R405,"ASESORIS WIKA",0
406,CAB-ASE-YAM-DUP2-R406,"ASESORIS YAMATO",0
407,CAB-ASE-YAM-DUP3-R407,"ASESORIS YAMATO",0
408,CAB-ASE-YUT-DUP2-R408,"ASESORIS YUTA",0
409,CAB-ASE-YUT-DUP3-R409,"ASESORIS YUTA",0
410,CAB-ASE-ZEK-DUP2-R410,"ASESORIS ZEKI",0
411,CAB-ASE-ZEK-DUP3-R411,"ASESORIS ZEKI",0
412,CAB-ASS-JOH-DUP2-R412,"ASS JOHNSON",0
413,CAB-ASS-JOH-DUP3-R413,"ASS JOHNSON",0
414,CAB-ASS-NON-DUP2-R414,"ASS NONE",0
415,CAB-ASS-NON-DUP3-R415,"ASS NONE",0
416,CAB-ASS-OND-DUP2-R416,"ASS ONDA",0
417,CAB-ASS-OND-DUP3-R417,"ASS ONDA",0
418,CAB-BES-LOK-DUP2-R418,"BESI LOKFOM",0
419,CAB-BES-LOK-DUP3-R419,"BESI LOKFOM",0
420,CAB-CT-NON-DUP2-R420,"CT NONE",0
421,CAB-CT-NON-DUP3-R421,"CT NONE",0
422,CAB-DUC-AER-DUP2-R422,"DUCTING AEROTAPE",0
423,CAB-DUC-AER-DUP3-R423,"DUCTING AEROTAPE",0
424,CAB-DUC-BEL-DUP2-R424,"DUCTING BELVER",0
425,CAB-DUC-BEL-DUP3-R425,"DUCTING BELVER",0
426,CAB-DUC-DEC-DUP2-R426,"DUCTING DEC",0
427,CAB-DUC-DEC-DUP3-R427,"DUCTING DEC",0
428,CAB-DUC-FIR-DUP2-R428,"DUCTING FIRST DUCT",0
429,CAB-DUC-FIR-DUP3-R429,"DUCTING FIRST DUCT",0
430,CAB-DUC-IND-DUP2-R430,"DUCTING INDOFLEX",0
431,CAB-DUC-IND-DUP3-R431,"DUCTING INDOFLEX",0
432,CAB-DUC-LOK-DUP2-R432,"DUCTING LOKFOM",0
433,CAB-DUC-LOK-DUP3-R433,"DUCTING LOKFOM",0
434,CAB-DUC-MAS-DUP2-R434,"DUCTING MASTER",0
435,CAB-DUC-MAS-DUP3-R435,"DUCTING MASTER",0
436,CAB-DUC-MOD-DUP2-R436,"DUCTING MODULFLEX",0
437,CAB-DUC-MOD-DUP3-R437,"DUCTING MODULFLEX",0
438,CAB-DUC-NON-DUP2-R438,"DUCTING NONE",0
439,CAB-DUC-NON-DUP3-R439,"DUCTING NONE",0
440,CAB-DUC-POL-DUP2-R440,"DUCTING POLYAIRE",0
441,CAB-DUC-POL-DUP3-R441,"DUCTING POLYAIRE",0
442,CAB-DUC-PSF-DUP2-R442,"DUCTING PSF",0
443,CAB-DUC-PSF-DUP3-R443,"DUCTING PSF",0
444,CAB-DUC-SAR-DUP2-R444,"DUCTING SARANA",0
445,CAB-DUC-SAR-DUP3-R445,"DUCTING SARANA",0
446,CAB-DUC-SKY-DUP2-R446,"DUCTING SKY DUCT",0
447,CAB-DUC-SKY-DUP3-R447,"DUCTING SKY DUCT",0
448,CAB-DUC-TIL-DUP2-R448,"DUCTING TILEMENT",0
449,CAB-DUC-TIL-DUP3-R449,"DUCTING TILEMENT",0
450,CAB-FIT-BES-DUP4-R450,"FITTING BESI",0
451,CAB-FIT-BES-DUP5-R451,"FITTING BESI",0
452,CAB-FIT-BES-DUP6-R452,"FITTING BESI LAS",0
453,CAB-FIT-BES-DUP7-R453,"FITTING BESI LAS",0
454,CAB-FIT-BES-DUP8-R454,"FITTING BESI SCH",0
455,CAB-FIT-BES-DUP9-R455,"FITTING BESI SCH",0
456,CAB-FIT-FOR-DUP2-R456,"FITTING FORBES",0
457,CAB-FIT-FOR-DUP3-R457,"FITTING FORBES",0
458,CAB-FIT-GMT-DUP2-R458,"FITTING GMT",0
459,CAB-FIT-GMT-DUP3-R459,"FITTING GMT",0
460,CAB-FIT-KMT-DUP2-R460,"FITTING KMT",0
461,CAB-FIT-KMT-DUP3-R461,"FITTING KMT",0
462,CAB-FIT-NIB-DUP2-R462,"FITTING NIBCO",0
463,CAB-FIT-NIB-DUP3-R463,"FITTING NIBCO",0
464,CAB-FIT-NON-DUP2-R464,"FITTING NONE",0
465,CAB-FIT-NON-DUP3-R465,"FITTING NONE",0
466,CAB-FIT-PSF-DUP2-R466,"FITTING PSF",0
467,CAB-FIT-PSF-DUP3-R467,"FITTING PSF",0
468,CAB-FIT-PVC-DUP2-R468,"FITTING PVC",0
469,CAB-FIT-PVC-DUP3-R469,"FITTING PVC",0
470,CAB-ASE-RIF-DUP2-R470,"FITTING RIFENG",0
471,CAB-ASE-RIF-DUP3-R471,"FITTING RIFENG",0
472,CAB-FIT-RUC-DUP2-R472,"FITTING RUCIKA",0
473,CAB-FIT-RUC-DUP3-R473,"FITTING RUCIKA",0
474,CAB-FIT-SER-DUP2-R474,"FITTING SERA",0
475,CAB-FIT-SER-DUP3-R475,"FITTING SERA",0
476,CAB-FIT-STA-DUP2-R476,"FITTING STAINLESS",0
477,CAB-FIT-STA-DUP3-R477,"FITTING STAINLESS",0
478,CAB-FIT-TOZ-DUP2-R478,"FITTING TOZEN",0
479,CAB-FIT-TOZ-DUP3-R479,"FITTING TOZEN",0
480,CAB-FIT-TSP-DUP2-R480,"FITTING TSP",0
481,CAB-FIT-TSP-DUP3-R481,"FITTING TSP",0
482,CAB-FIT-VIT-DUP2-R482,"FITTING VIT",0
483,CAB-FIT-VIT-DUP3-R483,"FITTING VIT",0
484,CAB-PIP-WAV-DUP3-R484,"FITTING WAVIN",0
485,CAB-PIP-WAV-DUP4-R485,"FITTING WAVIN",0
486,CAB-FLA-BES-DUP2-R486,"FLANGE BESI",0
487,CAB-FLA-BES-DUP3-R487,"FLANGE BESI",0
488,CAB-FLE-STA-DUP2-R488,"FLEXIBLE STAINLESS",0
489,CAB-FLE-STA-DUP3-R489,"FLEXIBLE STAINLESS",0
490,CAB-FLE-TEC-DUP2-R490,"FLEXIBLE TECHNO",0
491,CAB-FLE-TEC-DUP3-R491,"FLEXIBLE TECHNO",0
492,CAB-FLE-TOZ-DUP2-R492,"FLEXIBLE TOZEN",0
493,CAB-FLE-TOZ-DUP3-R493,"FLEXIBLE TOZEN",0
494,CAB-GAS-AIC-DUP2-R494,"GAS AICHI",0
495,CAB-GAS-AIC-DUP3-R495,"GAS AICHI",0
496,CAB-GAS-AMC-DUP2-R496,"GAS AMCARE",0
497,CAB-GAS-AMC-DUP3-R497,"GAS AMCARE",0
498,CAB-GAS-AMI-DUP2-R498,"GAS AMICO",0
499,CAB-GAS-AMI-DUP3-R499,"GAS AMICO",0
500,CAB-GAS-AMP-DUP2-R500,"GAS AMPY EMAIL",0
501,CAB-GAS-AMP-DUP3-R501,"GAS AMPY EMAIL",0
502,CAB-GAS-BRI-DUP2-R502,"GAS BRIDGESTONE",0
503,CAB-GAS-BRI-DUP3-R503,"GAS BRIDGESTONE",0
504,CAB-GAS-CNU-DUP2-R504,"GAS CNU",0
505,CAB-GAS-CNU-DUP3-R505,"GAS CNU",0
506,CAB-GAS-DUR-DUP2-R506,"GAS DURATEC",0
507,CAB-GAS-DUR-DUP3-R507,"GAS DURATEC",0
508,CAB-GAS-ELS-DUP2-R508,"GAS ELSTER",0
509,CAB-GAS-ELS-DUP3-R509,"GAS ELSTER",0
510,CAB-GAS-GAL-DUP3-R510,"GAS GALA",0
511,CAB-GAS-GAL-DUP4-R511,"GAS GALA",0
512,CAB-GAS-GAL-DUP5-R512,"GAS GALLUS",0
513,CAB-GAS-GAL-DUP6-R513,"GAS GALLUS",0
514,CAB-GAS-GMT-DUP2-R514,"GAS GMT",0
515,CAB-GAS-GMT-DUP3-R515,"GAS GMT",0
516,CAB-GAS-HAN-DUP2-R516,"GAS HANKOOK",0
517,CAB-GAS-HAN-DUP3-R517,"GAS HANKOOK",0
518,CAB-GAS-HIC-DUP2-R518,"GAS HICOOK",0
519,CAB-GAS-HIC-DUP3-R519,"GAS HICOOK",0
520,CAB-GAS-KAN-DUP2-R520,"GAS KANSAI",0
521,CAB-GAS-KAN-DUP3-R521,"GAS KANSAI",0
522,CAB-GAS-MET-DUP2-R522,"GAS METAGOMA",0
523,CAB-GAS-MET-DUP3-R523,"GAS METAGOMA",0
524,CAB-GAS-NON-DUP2-R524,"GAS NONE",0
525,CAB-GAS-NON-DUP3-R525,"GAS NONE",0
526,CAB-GAS-SAF-DUP2-R526,"GAS SAFE GAS",0
527,CAB-GAS-SAF-DUP3-R527,"GAS SAFE GAS",0
528,CAB-GAS-SHI-DUP2-R528,"GAS SHINWOO",0
529,CAB-GAS-SHI-DUP3-R529,"GAS SHINWOO",0
530,CAB-GAS-STA-DUP2-R530,"GAS STARMED",0
531,CAB-GAS-STA-DUP3-R531,"GAS STARMED",0
532,CAB-GAS-TES-DUP2-R532,"GAS TESTER",0
533,CAB-GAS-TES-DUP3-R533,"GAS TESTER",0
534,CAB-INS-BEN-DUP2-R534,"INSTRUMENT BENETECH",0
535,CAB-INS-BEN-DUP3-R535,"INSTRUMENT BENETECH",0
536,CAB-INS-BLU-DUP2-R536,"INSTRUMENT BLUE WHITE",0
537,CAB-INS-BLU-DUP3-R537,"INSTRUMENT BLUE WHITE",0
538,CAB-INS-BR-DUP2-R538,"INSTRUMENT BR",0
539,CAB-INS-BR-DUP3-R539,"INSTRUMENT BR",0
540,CAB-INS-CAM-DUP2-R540,"INSTRUMENT CAMEL",0
541,CAB-INS-CAM-DUP3-R541,"INSTRUMENT CAMEL",0
542,CAB-INS-EGO-DUP2-R542,"INSTRUMENT EGO",0
543,CAB-INS-EGO-DUP3-R543,"INSTRUMENT EGO",0
544,CAB-INS-FIR-DUP3-R544,"INSTRUMENT FIREGUARD",0
545,CAB-INS-FIR-DUP4-R545,"INSTRUMENT FIREGUARD",0
546,CAB-INS-FIR-DUP5-R546,"INSTRUMENT FIREKING",0
547,CAB-INS-FIR-DUP6-R547,"INSTRUMENT FIREKING",0
548,CAB-INS-FIS-DUP2-R548,"INSTRUMENT FISHER",0
549,CAB-INS-FIS-DUP3-R549,"INSTRUMENT FISHER",0
550,CAB-INS-FOR-DUP2-R550,"INSTRUMENT FORBES",0
551,CAB-INS-FOR-DUP3-R551,"INSTRUMENT FORBES",0
552,CAB-INS-GAL-DUP2-R552,"INSTRUMENT GALA",0
553,CAB-INS-GAL-DUP3-R553,"INSTRUMENT GALA",0
554,CAB-INS-GMT-DUP2-R554,"INSTRUMENT GMT",0
555,CAB-INS-GMT-DUP3-R555,"INSTRUMENT GMT",0
556,CAB-INS-HAR-DUP2-R556,"INSTRUMENT HARRIS",0
557,CAB-INS-HAR-DUP3-R557,"INSTRUMENT HARRIS",0
558,CAB-INS-HON-DUP2-R558,"INSTRUMENT HONEYWELL",0
559,CAB-INS-HON-DUP3-R559,"INSTRUMENT HONEYWELL",0
560,CAB-INS-KYO-DUP2-R560,"INSTRUMENT KYORITZU",0
561,CAB-INS-KYO-DUP3-R561,"INSTRUMENT KYORITZU",0
562,CAB-INS-MS-DUP2-R562,"INSTRUMENT MS",0
563,CAB-INS-MS-DUP3-R563,"INSTRUMENT MS",0
564,CAB-INS-NAG-DUP2-R564,"INSTRUMENT NAGANO",0
565,CAB-INS-NAG-DUP3-R565,"INSTRUMENT NAGANO",0
566,CAB-INS-NON-DUP2-R566,"INSTRUMENT NONE",0
567,CAB-INS-NON-DUP3-R567,"INSTRUMENT NONE",0
568,CAB-INS-PM-DUP2-R568,"INSTRUMENT PM",0
569,CAB-INS-PM-DUP3-R569,"INSTRUMENT PM",0
570,CAB-INS-POT-DUP2-R570,"INSTRUMENT POTTER",0
571,CAB-INS-POT-DUP3-R571,"INSTRUMENT POTTER",0
572,CAB-INS-RED-DUP2-R572,"INSTRUMENT RED ANT",0
573,CAB-INS-RED-DUP3-R573,"INSTRUMENT RED ANT",0
574,CAB-INS-REF-DUP2-R574,"INSTRUMENT REFCO",0
575,CAB-INS-REF-DUP3-R575,"INSTRUMENT REFCO",0
576,CAB-INS-ROB-DUP2-R576,"INSTRUMENT ROBINAIR",0
577,CAB-INS-ROB-DUP3-R577,"INSTRUMENT ROBINAIR",0
578,CAB-INS-SAG-DUP2-R578,"INSTRUMENT SAGINOMIYA",0
579,CAB-INS-SAG-DUP3-R579,"INSTRUMENT SAGINOMIYA",0
580,CAB-INS-SAM-DUP2-R580,"INSTRUMENT SAMYANG",0
581,CAB-INS-SAM-DUP3-R581,"INSTRUMENT SAMYANG",0
582,CAB-INS-SIK-DUP2-R582,"INSTRUMENT SIKA",0
583,CAB-INS-SIK-DUP3-R583,"INSTRUMENT SIKA",0
584,CAB-INS-SMC-DUP2-R584,"INSTRUMENT SMC",0
585,CAB-INS-SMC-DUP3-R585,"INSTRUMENT SMC",0
586,CAB-INS-TEC-DUP2-R586,"INSTRUMENT TECSIS",0
587,CAB-INS-TEC-DUP3-R587,"INSTRUMENT TECSIS",0
588,CAB-INS-TOK-DUP2-R588,"INSTRUMENT TOKICO",0
589,CAB-INS-TOK-DUP3-R589,"INSTRUMENT TOKICO",0
590,CAB-INS-VIP-DUP2-R590,"INSTRUMENT VIP",0
591,CAB-INS-VIP-DUP3-R591,"INSTRUMENT VIP",0
592,CAB-INS-VT-DUP2-R592,"INSTRUMENT VT",0
593,CAB-INS-VT-DUP3-R593,"INSTRUMENT VT",0
594,CAB-INS-WIK-DUP2-R594,"INSTRUMENT WIKA",0
595,CAB-INS-WIK-DUP3-R595,"INSTRUMENT WIKA",0
596,CAB-INS-YAM-DUP2-R596,"INSTRUMENT YAMAMOTO",0
597,CAB-INS-YAM-DUP3-R597,"INSTRUMENT YAMAMOTO",0
598,CAB-INS-ZEI-DUP2-R598,"INSTRUMENT ZEIL",0
599,CAB-INS-ZEI-DUP3-R599,"INSTRUMENT ZEIL",0
600,CAB-ISO-ACC-DUP2-R600,"ISOLASI ACCO",0
601,CAB-ISO-ACC-DUP3-R601,"ISOLASI ACCO",0
602,CAB-ISO-ACE-DUP2-R602,"ISOLASI ACE FLUX",0
603,CAB-ISO-ACE-DUP3-R603,"ISOLASI ACE FLUX",0
604,CAB-ISO-API-DUP2-R604,"ISOLASI APIC",0
605,CAB-ISO-API-DUP3-R605,"ISOLASI APIC",0
606,CAB-ISO-ARM-DUP2-R606,"ISOLASI ARMF",0
607,CAB-ISO-ARM-DUP3-R607,"ISOLASI ARMF",0
608,CAB-ISO-CAM-DUP2-R608,"ISOLASI CAMEL",0
609,CAB-ISO-CAM-DUP3-R609,"ISOLASI CAMEL",0
610,CAB-ISO-CEL-DUP2-R610,"ISOLASI CELF",0
611,CAB-ISO-CEL-DUP3-R611,"ISOLASI CELF",0
612,CAB-ISO-CSR-DUP2-R612,"ISOLASI CSR",0
613,CAB-ISO-CSR-DUP3-R613,"ISOLASI CSR",0
614,CAB-ISO-DT-DUP2-R614,"ISOLASI DT FOIL",0
615,CAB-ISO-DT-DUP3-R615,"ISOLASI DT FOIL",0
616,CAB-ISO-FUJ-DUP2-R616,"ISOLASI FUJI",0
617,CAB-ISO-FUJ-DUP3-R617,"ISOLASI FUJI",0
618,CAB-ISO-IND-DUP2-R618,"ISOLASI INDOFLEX",0
619,CAB-ISO-IND-DUP3-R619,"ISOLASI INDOFLEX",0
620,CAB-ISO-INS-DUP3-R620,"ISOLASI INSFOIL",0
621,CAB-ISO-INS-DUP4-R621,"ISOLASI INSFOIL",0
622,CAB-ISO-INS-DUP5-R622,"ISOLASI INSUTEK",0
623,CAB-ISO-INS-DUP6-R623,"ISOLASI INSUTEK",0
624,CAB-ISO-KOR-DUP2-R624,"ISOLASI KORFLEK",0
625,CAB-ISO-KOR-DUP3-R625,"ISOLASI KORFLEK",0
626,CAB-ISO-MOD-DUP2-R626,"ISOLASI MODULFLEX",0
627,CAB-ISO-MOD-DUP3-R627,"ISOLASI MODULFLEX",0
628,CAB-ISO-NON-DUP2-R628,"ISOLASI NONE",0
629,CAB-ISO-NON-DUP3-R629,"ISOLASI NONE",0
630,CAB-ISO-POL-DUP3-R630,"ISOLASI POLY",0
631,CAB-ISO-POL-DUP4-R631,"ISOLASI POLY",0
632,CAB-ISO-POL-DUP5-R632,"ISOLASI POLYFOIL",0
633,CAB-ISO-POL-DUP6-R633,"ISOLASI POLYFOIL",0
634,CAB-ISO-PRO-DUP2-R634,"ISOLASI PROFLEX",0
635,CAB-ISO-PRO-DUP3-R635,"ISOLASI PROFLEX",0
636,CAB-ISO-SAN-DUP2-R636,"ISOLASI SANSUI",0
637,CAB-ISO-SAN-DUP3-R637,"ISOLASI SANSUI",0
638,CAB-ISO-SKY-DUP2-R638,"ISOLASI SKY DUCT",0
639,CAB-ISO-SKY-DUP3-R639,"ISOLASI SKY DUCT",0
640,CAB-ISO-SUP-DUP2-R640,"ISOLASI SUPERLON",0
641,CAB-ISO-SUP-DUP3-R641,"ISOLASI SUPERLON",0
642,CAB-ISO-THE-DUP2-R642,"ISOLASI THERMAFLEX",0
643,CAB-ISO-THE-DUP3-R643,"ISOLASI THERMAFLEX",0
644,CAB-ISO-WON-DUP2-R644,"ISOLASI WONTAPE",0
645,CAB-ISO-WON-DUP3-R645,"ISOLASI WONTAPE",0
646,CAB-NEP-CAS-DUP2-R646,"NEPEL CASTEL",0
647,CAB-NEP-CAS-DUP3-R647,"NEPEL CASTEL",0
648,CAB-NEP-GMT-DUP2-R648,"NEPEL GMT",0
649,CAB-NEP-GMT-DUP3-R649,"NEPEL GMT",0
650,CAB-NEP-KUN-DUP2-R650,"NEPEL KUNINGAN",0
651,CAB-NEP-KUN-DUP3-R651,"NEPEL KUNINGAN",0
652,CAB-NEP-NON-DUP2-R652,"NEPEL NONE",0
653,CAB-NEP-NON-DUP3-R653,"NEPEL NONE",0
654,CAB-NEP-PSF-DUP2-R654,"NEPEL PSF",0
655,CAB-NEP-PSF-DUP3-R655,"NEPEL PSF",0
656,CAB-NEP-RIF-DUP2-R656,"NEPEL RIFENG",0
657,CAB-NEP-RIF-DUP3-R657,"NEPEL RIFENG",0
658,CAB-NEP-SMC-DUP2-R658,"NEPEL SMC",0
659,CAB-NEP-SMC-DUP3-R659,"NEPEL SMC",0
660,CAB-PE-FLE-DUP2-R660,"PE FLEXY",0
661,CAB-PE-FLE-DUP3-R661,"PE FLEXY",0
662,CAB-PE-KMT-DUP2-R662,"PE KMT",0
663,CAB-PE-KMT-DUP3-R663,"PE KMT",0
664,CAB-PE-RIF-DUP2-R664,"PE RIFENG",0
665,CAB-PE-RIF-DUP3-R665,"PE RIFENG",0
666,CAB-PIP-BES-DUP2-R666,"PIPA BESI",0
667,CAB-PIP-BES-DUP3-R667,"PIPA BESI",0
668,CAB-PIP-BRA-DUP2-R668,"PIPA BRASSCO",0
669,CAB-PIP-BRA-DUP3-R669,"PIPA BRASSCO",0
670,CAB-PIP-CRA-DUP2-R670,"PIPA CRANE ENFIELD",0
671,CAB-PIP-CRA-DUP3-R671,"PIPA CRANE ENFIELD",0
672,CAB-PIP-KEM-DUP2-R672,"PIPA KEMBLA",0
673,CAB-PIP-KEM-DUP3-R673,"PIPA KEMBLA",0
674,CAB-PIP-NON-DUP2-R674,"PIPA NONE",0
675,CAB-PIP-NON-DUP3-R675,"PIPA NONE",0
676,CAB-PIP-PVC-DUP2-R676,"PIPA PVC",0
677,CAB-PIP-PVC-DUP3-R677,"PIPA PVC",0
678,CAB-PIP-RIF-DUP2-R678,"PIPA RIFENG",0
679,CAB-PIP-RIF-DUP3-R679,"PIPA RIFENG",0
680,CAB-PIP-RUC-DUP2-R680,"PIPA RUCIKA",0
681,CAB-PIP-RUC-DUP3-R681,"PIPA RUCIKA",0
682,CAB-PIP-WAV-DUP5-R682,"PIPA WAVIN",0
683,CAB-PIP-WAV-DUP6-R683,"PIPA WAVIN",0
684,CAB-REF-ALC-DUP2-R684,"REFRIGERATION ALCO",0
685,CAB-REF-ALC-DUP3-R685,"REFRIGERATION ALCO",0
686,CAB-REF-ANA-DUP2-R686,"REFRIGERATION ANACONDA",0
687,CAB-REF-ANA-DUP3-R687,"REFRIGERATION ANACONDA",0
688,CAB-REF-CAS-DUP2-R688,"REFRIGERATION CASTEL",0
689,CAB-REF-CAS-DUP3-R689,"REFRIGERATION CASTEL",0
690,CAB-REF-DUP-DUP2-R690,"REFRIGERATION DUPONT",0
691,CAB-REF-DUP-DUP3-R691,"REFRIGERATION DUPONT",0
692,CAB-REF-EME-DUP2-R692,"REFRIGERATION EMERSON",0
693,CAB-REF-EME-DUP3-R693,"REFRIGERATION EMERSON",0
694,CAB-REF-GEN-DUP2-R694,"REFRIGERATION GENETRON",0
695,CAB-REF-GEN-DUP3-R695,"REFRIGERATION GENETRON",0
696,CAB-REF-GMT-DUP2-R696,"REFRIGERATION GMT",0
697,CAB-REF-GMT-DUP3-R697,"REFRIGERATION GMT",0
698,CAB-REF-NON-DUP2-R698,"REFRIGERATION NONE",0
699,CAB-REF-NON-DUP3-R699,"REFRIGERATION NONE",0
700,CAB-REF-PSF-DUP2-R700,"REFRIGERATION PSF",0
701,CAB-REF-PSF-DUP3-R701,"REFRIGERATION PSF",0
702,CAB-REF-REF-DUP2-R702,"REFRIGERATION REFRIGERANT",0
703,CAB-REF-REF-DUP3-R703,"REFRIGERATION REFRIGERANT",0
704,CAB-REF-SUN-DUP2-R704,"REFRIGERATION SUNISO",0
705,CAB-REF-SUN-DUP3-R705,"REFRIGERATION SUNISO",0
706,CAB-REG-bel-DUP2-R706,"REGULATOR belg",0
707,CAB-REG-bel-DUP3-R707,"REGULATOR belg",0
708,CAB-REG-CIG-DUP2-R708,"REGULATOR CIG",0
709,CAB-REG-CIG-DUP3-R709,"REGULATOR CIG",0
710,CAB-REG-DN-DUP2-R710,"REGULATOR DN",0
711,CAB-REG-DN-DUP3-R711,"REGULATOR DN",0
712,CAB-REG-DOM-DUP2-R712,"REGULATOR DOMAX",0
713,CAB-REG-DOM-DUP3-R713,"REGULATOR DOMAX",0
714,CAB-REG-FIS-DUP2-R714,"REGULATOR FISHER",0
715,CAB-REG-FIS-DUP3-R715,"REGULATOR FISHER",0
716,CAB-REG-FUJ-DUP2-R716,"REGULATOR FUJIKOKI",0
717,CAB-REG-FUJ-DUP3-R717,"REGULATOR FUJIKOKI",0
718,CAB-REG-HAR-DUP2-R718,"REGULATOR HARRIS",0
719,CAB-REG-HAR-DUP3-R719,"REGULATOR HARRIS",0
720,CAB-REG-HWA-DUP2-R720,"REGULATOR HWAYOUNG",0
721,CAB-REG-HWA-DUP3-R721,"REGULATOR HWAYOUNG",0
722,CAB-REG-ito-DUP2-R722,"REGULATOR ito",0
723,CAB-REG-ito-DUP3-R723,"REGULATOR ito",0
724,CAB-REG-KOS-DUP2-R724,"REGULATOR KOSANGAS",0
725,CAB-REG-KOS-DUP3-R725,"REGULATOR KOSANGAS",0
726,CAB-REG-NAG-DUP2-R726,"REGULATOR NAGANO",0
727,CAB-REG-NAG-DUP3-R727,"REGULATOR NAGANO",0
728,CAB-REG-NON-DUP2-R728,"REGULATOR NONE",0
729,CAB-REG-NON-DUP3-R729,"REGULATOR NONE",0
730,CAB-REG-PRO-DUP2-R730,"REGULATOR PROHEX",0
731,CAB-REG-PRO-DUP3-R731,"REGULATOR PROHEX",0
732,CAB-REG-PTZ-DUP2-R732,"REGULATOR PTZ",0
733,CAB-REG-PTZ-DUP3-R733,"REGULATOR PTZ",0
734,CAB-REG-RED-DUP2-R734,"REGULATOR RED ANT",0
735,CAB-REG-RED-DUP3-R735,"REGULATOR RED ANT",0
736,CAB-REG-REG-DUP2-R736,"REGULATOR REGO",0
737,CAB-REG-REG-DUP3-R737,"REGULATOR REGO",0
738,CAB-REG-SMC-DUP2-R738,"REGULATOR SMC",0
739,CAB-REG-SMC-DUP3-R739,"REGULATOR SMC",0
740,CAB-REG-WIN-DUP2-R740,"REGULATOR WINGAS",0
741,CAB-REG-WIN-DUP3-R741,"REGULATOR WINGAS",0
742,CAB-REG-YAM-DUP2-R742,"REGULATOR YAMATO",0
743,CAB-REG-YAM-DUP3-R743,"REGULATOR YAMATO",0
744,CAB-REG-YUN-DUP2-R744,"REGULATOR YUNG SHEN",0
745,CAB-REG-YUN-DUP3-R745,"REGULATOR YUNG SHEN",0
746,CAB-SEL-BRI-DUP2-R746,"SELANG BRIDGESTONE",0
747,CAB-SEL-BRI-DUP3-R747,"SELANG BRIDGESTONE",0
748,CAB-SEL-COR-DUP2-R748,"SELANG CORONA",0
749,CAB-SEL-COR-DUP3-R749,"SELANG CORONA",0
750,CAB-SEL-GMT-DUP2-R750,"SELANG GMT",0
751,CAB-SEL-GMT-DUP3-R751,"SELANG GMT",0
752,CAB-SEL-MET-DUP2-R752,"SELANG METAGOMA",0
753,CAB-SEL-MET-DUP3-R753,"SELANG METAGOMA",0
754,CAB-SEL-NON-DUP2-R754,"SELANG NONE",0
755,CAB-SEL-NON-DUP3-R755,"SELANG NONE",0
756,CAB-SEL-PAP-DUP2-R756,"SELANG PAPS",0
757,CAB-SEL-PAP-DUP3-R757,"SELANG PAPS",0
758,CAB-SEL-RIF-DUP2-R758,"SELANG RIFENG",0
759,CAB-SEL-RIF-DUP3-R759,"SELANG RIFENG",0
760,CAB-TOO-ASI-DUP2-R760,"TOOL ASIAN FIRST",0
761,CAB-TOO-ASI-DUP3-R761,"TOOL ASIAN FIRST",0
762,CAB-TOO-CAM-DUP2-R762,"TOOL CAMPING GAS",0
763,CAB-TOO-CAM-DUP3-R763,"TOOL CAMPING GAS",0
764,CAB-TOO-EAS-DUP2-R764,"TOOL EAST BRAND",0
765,CAB-TOO-EAS-DUP3-R765,"TOOL EAST BRAND",0
766,CAB-TOO-FUJ-DUP2-R766,"TOOL FUJI",0
767,CAB-TOO-FUJ-DUP3-R767,"TOOL FUJI",0
768,CAB-TOO-GLO-DUP2-R768,"TOOL GLOOR",0
769,CAB-TOO-GLO-DUP3-R769,"TOOL GLOOR",0
770,CAB-TOO-GMT-DUP2-R770,"TOOL GMT",0
771,CAB-TOO-GMT-DUP3-R771,"TOOL GMT",0
772,CAB-TOO-HIC-DUP2-R772,"TOOL HICOOK",0
773,CAB-TOO-HIC-DUP3-R773,"TOOL HICOOK",0
774,CAB-TOO-HS-DUP2-R774,"TOOL HS",0
775,CAB-TOO-HS-DUP3-R775,"TOOL HS",0
776,CAB-TOO-IMP-DUP2-R776,"TOOL IMPERIAL",0
777,CAB-TOO-IMP-DUP3-R777,"TOOL IMPERIAL",0
778,CAB-TOO-KOV-DUP2-R778,"TOOL KOVET",0
779,CAB-TOO-KOV-DUP3-R779,"TOOL KOVET",0
780,CAB-TOO-KYO-DUP2-R780,"TOOL KYOWA",0
781,CAB-TOO-KYO-DUP3-R781,"TOOL KYOWA",0
782,CAB-TOO-NON-DUP2-R782,"TOOL NONE",0
783,CAB-TOO-NON-DUP3-R783,"TOOL NONE",0
784,CAB-TOO-NUR-DUP2-R784,"TOOL NURGAS",0
785,CAB-TOO-NUR-DUP3-R785,"TOOL NURGAS",0
786,CAB-TOO-PAP-DUP2-R786,"TOOL PAPS",0
787,CAB-TOO-PAP-DUP3-R787,"TOOL PAPS",0
788,CAB-TOO-PM-DUP2-R788,"TOOL PM",0
789,CAB-TOO-PM-DUP3-R789,"TOOL PM",0
790,CAB-TOO-PRO-DUP2-R790,"TOOL PROHEX",0
791,CAB-TOO-PRO-DUP3-R791,"TOOL PROHEX",0
792,CAB-TOO-RED-DUP2-R792,"TOOL RED ANT",0
793,CAB-TOO-RED-DUP3-R793,"TOOL RED ANT",0
794,CAB-TOO-RIF-DUP2-R794,"TOOL RIFENG",0
795,CAB-TOO-RIF-DUP3-R795,"TOOL RIFENG",0
796,CAB-TOO-ROB-DUP2-R796,"TOOL ROBINAIR",0
797,CAB-TOO-ROB-DUP3-R797,"TOOL ROBINAIR",0
798,CAB-TOO-SEL-DUP2-R798,"TOOL SELERY",0
799,CAB-TOO-SEL-DUP3-R799,"TOOL SELERY",0
800,CAB-TOO-SPO-DUP2-R800,"TOOL SPOT",0
801,CAB-TOO-SPO-DUP3-R801,"TOOL SPOT",0
802,CAB-TOO-STA-DUP2-R802,"TOOL STARWARS",0
803,CAB-TOO-STA-DUP3-R803,"TOOL STARWARS",0
804,CAB-TOO-YAM-DUP2-R804,"TOOL YAMATO",0
805,CAB-TOO-YAM-DUP3-R805,"TOOL YAMATO",0
806,CAB-VAL-ALC-DUP2-R806,"VALVE ALCO",0
807,CAB-VAL-ALC-DUP3-R807,"VALVE ALCO",0
808,CAB-VAL-AMI-DUP2-R808,"VALVE AMICO",0
809,CAB-VAL-AMI-DUP3-R809,"VALVE AMICO",0
810,CAB-VAL-BR-DUP2-R810,"VALVE BR",0
811,CAB-VAL-BR-DUP3-R811,"VALVE BR",0
812,CAB-VAL-BUR-DUP2-R812,"VALVE BURKET",0
813,CAB-VAL-BUR-DUP3-R813,"VALVE BURKET",0
814,CAB-VAL-CAS-DUP2-R814,"VALVE CASTEL",0
815,CAB-VAL-CAS-DUP3-R815,"VALVE CASTEL",0
816,CAB-VAL-COM-DUP2-R816,"VALVE COMAP",0
817,CAB-VAL-COM-DUP3-R817,"VALVE COMAP",0
818,CAB-VAL-DN-DUP2-R818,"VALVE DN",0
819,CAB-VAL-DN-DUP3-R819,"VALVE DN",0
820,CAB-VAL-EME-DUP2-R820,"VALVE EMERSON",0
821,CAB-VAL-EME-DUP3-R821,"VALVE EMERSON",0
822,CAB-VAL-FIR-DUP2-R822,"VALVE FIREKING",0
823,CAB-VAL-FIR-DUP3-R823,"VALVE FIREKING",0
824,CAB-VAL-GAL-DUP2-R824,"VALVE GALA",0
825,CAB-VAL-GAL-DUP3-R825,"VALVE GALA",0
826,CAB-VAL-GMT-DUP2-R826,"VALVE GMT",0
827,CAB-VAL-GMT-DUP3-R827,"VALVE GMT",0
828,CAB-VAL-HAT-DUP2-R828,"VALVE HATO",0
829,CAB-VAL-HAT-DUP3-R829,"VALVE HATO",0
830,CAB-VAL-HON-DUP2-R830,"VALVE HONEYWELL",0
831,CAB-VAL-HON-DUP3-R831,"VALVE HONEYWELL",0
832,CAB-VAL-HS-DUP2-R832,"VALVE HS",0
833,CAB-VAL-HS-DUP3-R833,"VALVE HS",0
834,CAB-VAL-JET-DUP2-R834,"VALVE JETS",0
835,CAB-VAL-JET-DUP3-R835,"VALVE JETS",0
836,CAB-VAL-JOK-DUP2-R836,"VALVE JOKWANG",0
837,CAB-VAL-JOK-DUP3-R837,"VALVE JOKWANG",0
838,"CAB-VAL-K B-DUP2-R838","VALVE K BRAND",0
839,"CAB-VAL-K B-DUP3-R839","VALVE K BRAND",0
840,CAB-VAL-KIT-DUP2-R840,"VALVE KITZ",0
841,CAB-VAL-KIT-DUP3-R841,"VALVE KITZ",0
842,CAB-VAL-MA-DUP2-R842,"VALVE MA",0
843,CAB-VAL-MA-DUP3-R843,"VALVE MA",0
844,CAB-VAL-MIT-DUP2-R844,"VALVE MITZU",0
845,CAB-VAL-MIT-DUP3-R845,"VALVE MITZU",0
846,CAB-VAL-MIZ-DUP2-R846,"VALVE MIZU",0
847,CAB-VAL-MIZ-DUP3-R847,"VALVE MIZU",0
848,CAB-VAL-NDV-DUP2-R848,"VALVE NDV",0
849,CAB-VAL-NDV-DUP3-R849,"VALVE NDV",0
850,CAB-VAL-NON-DUP2-R850,"VALVE NONE",0
851,CAB-VAL-NON-DUP3-R851,"VALVE NONE",0
852,CAB-VAL-OND-DUP2-R852,"VALVE ONDA",0
853,CAB-VAL-OND-DUP3-R853,"VALVE ONDA",0
854,CAB-VAL-PVC-DUP2-R854,"VALVE PVC",0
855,CAB-VAL-PVC-DUP3-R855,"VALVE PVC",0
856,CAB-VAL-RIF-DUP2-R856,"VALVE RIFENG",0
857,CAB-VAL-RIF-DUP3-R857,"VALVE RIFENG",0
858,CAB-VAL-SAM-DUP2-R858,"VALVE SAMYANG",0
859,CAB-VAL-SAM-DUP3-R859,"VALVE SAMYANG",0
860,CAB-VAL-SAT-DUP2-R860,"VALVE SATA",0
861,CAB-VAL-SAT-DUP3-R861,"VALVE SATA",0
862,CAB-VAL-SC-DUP2-R862,"VALVE SC",0
863,CAB-VAL-SC-DUP3-R863,"VALVE SC",0
864,CAB-VAL-SHO-DUP2-R864,"VALVE SHOWA",0
865,CAB-VAL-SHO-DUP3-R865,"VALVE SHOWA",0
866,CAB-VAL-SMC-DUP2-R866,"VALVE SMC",0
867,CAB-VAL-SMC-DUP3-R867,"VALVE SMC",0
868,CAB-VAL-SOC-DUP2-R868,"VALVE SOCL",0
869,CAB-VAL-SOC-DUP3-R869,"VALVE SOCL",0
870,CAB-VAL-SW-DUP2-R870,"VALVE SW",0
871,CAB-VAL-SW-DUP3-R871,"VALVE SW",0
872,CAB-VAL-TAT-DUP2-R872,"VALVE TATZU",0
873,CAB-VAL-TAT-DUP3-R873,"VALVE TATZU",0
874,CAB-VAL-TES-DUP2-R874,"VALVE TESTER",0
875,CAB-VAL-TES-DUP3-R875,"VALVE TESTER",0
876,CAB-VAL-TL-DUP2-R876,"VALVE TL",0
877,CAB-VAL-TL-DUP3-R877,"VALVE TL",0
878,CAB-VAL-TOZ-DUP2-R878,"VALVE TOZEN",0
879,CAB-VAL-TOZ-DUP3-R879,"VALVE TOZEN",0
880,CAB-VAL-TW-DUP2-R880,"VALVE TW",0
881,CAB-VAL-TW-DUP3-R881,"VALVE TW",0
882,CAB-VAL-UNI-DUP2-R882,"VALVE UNI-D",0
883,CAB-VAL-UNI-DUP3-R883,"VALVE UNI-D",0
884,CAB-VAL-wat-DUP2-R884,"VALVE watts",0
885,CAB-VAL-wat-DUP3-R885,"VALVE watts",0
886,CAB-VAL-WAV-DUP2-R886,"VALVE WAVIN",0
887,CAB-VAL-WAV-DUP3-R887,"VALVE WAVIN",0
888,CAB-VAL-WIK-DUP2-R888,"VALVE WIKA",0
889,CAB-VAL-WIK-DUP3-R889,"VALVE WIKA",0
890,CAB-VAL-YOR-DUP2-R890,"VALVE YORK",0
891,CAB-VAL-YOR-DUP3-R891,"VALVE YORK",0
892,CAB-VAL-YUT-DUP2-R892,"VALVE YUTA",0
893,CAB-VAL-YUT-DUP3-R893,"VALVE YUTA",0
894,CAB-VAL-ZEK-DUP2-R894,"VALVE ZEKI",0
895,CAB-VAL-ZEK-DUP3-R895,"VALVE ZEKI",0
896,CAB-tatz-DUP2-R896,tatz,0
897,CAB-tatz-DUP3-R897,tatz,0
898,CAB-DUC-PRO-DUP2-R898,"DUCTING PROFLEX",0
899,CAB-DUC-PRO-DUP3-R899,"DUCTING PROFLEX",0
900,CAB-REG-STA-DUP2-R900,"REGULATOR STARMED",0
901,CAB-REG-STA-DUP3-R901,"REGULATOR STARMED",0
902,CAB-INS-TIV-DUP2-R902,"PRESSURE SWITCH TIVAL",0
903,CAB-INS-TIV-DUP3-R903,"PRESSURE SWITCH TIVAL",0
904,CAB-FIT-PU-DUP2-R904,"FITTING PNEUMATIC",0
905,CAB-FIT-PU-DUP3-R905,"FITTING PNEUMATIC",0
906,CAB-PTBR-DUP2-R906,"PIPA ROLL BRASSCO",0
907,CAB-PTBR-DUP3-R907,"PIPA ROLL BRASSCO",0
908,CAB-ACBB-DUP2-R908,"PIPA SET BRASSCO",0
909,CAB-ACBB-DUP3-R909,"PIPA SET BRASSCO",0
910,CAB-002-DUP2-R910,"SAMBUNGAN TEMBAGA STD",0
911,CAB-002-DUP3-R911,"SAMBUNGAN TEMBAGA STD",0
912,CAB-004-DUP2-R912,"FLEXIBLE DUCT ALUMINIUM NON",0
913,CAB-004-DUP3-R913,"FLEXIBLE DUCT ALUMINIUM NON",0
914,CAB-100-DUP2-R914,"PERLENGKAPAN DAN PERKAKAS NON",0
915,CAB-100-DUP3-R915,"PERLENGKAPAN DAN PERKAKAS NON",0
916,CAB-005-DUP2-R916,"MANOMETER GMT NON",0
917,CAB-005-DUP3-R917,"MANOMETER GMT NON",0
918,CAB-006-DUP2-R918,"VALVE G M T",0
919,CAB-006-DUP3-R919,"VALVE G M T",0
920,CAB-PPT-DUP2-R920,"PIPA TEMBAGA",0
921,CAB-PPT-DUP3-R921,"PIPA TEMBAGA",0
922,CAB-ALUK-DUP2-R922,"ALAT UKUR",0
923,CAB-ALUK-DUP3-R923,"ALAT UKUR",0
924,CAB-REFE-DUP2-R924,REFERIGERASI,0
925,CAB-REFE-DUP3-R925,REFERIGERASI,0
__fallback__,LEGACY-UNCAT,"Legacy Uncategorized",0
